office_id,office_name,image_url
216,RE/MAX 1000,https://static.remax.pt/offices/e1a9ac79-2e88-4587-b9d2-45c52736d3fe.jpg
293,RE/MAX 4 You,https://static.remax.pt/offices/03137ce3-c083-4d58-8f36-f91bffca4e8e.jpg
655,RE/MAX 4 You II,https://static.remax.pt/offices/472f1b1a-0100-4ee9-9f40-0b71dc03dcfe.jpg
623,RE/MAX 4 You Ilha do Sol,https://static.remax.pt/offices/4a6ae803-7e52-4152-8257-e0d64c65f076.jpg
186,RE/MAX Acção,https://static.remax.pt/offices/77350f45-fcf0-472f-ad35-d697c36fc426.jpg
135,RE/MAX Acção Four Star,https://static.remax.pt/offices/70ac522e-3ce8-4ed7-9ecc-34ed2b6af601.jpg
415,RE/MAX Acção II,https://static.remax.pt/offices/724008f9-bfe1-4555-a512-b3ad5fc3fca8.jpg
638,RE/MAX Acção Star,https://static.remax.pt/offices/882499c1-cccf-412f-94fc-5aac8334d8e9.jpg
329,RE/MAX Activa,https://static.remax.pt/offices/52f6feb1-86dd-47c5-9e71-76f9f88517e4.jpg
612,RE/MAX Advanced,https://static.remax.pt/offices/91ddfcab-edf1-40a6-841c-2ee01f96eb32.jpg
666,RE/MAX Advanced II,https://static.remax.pt/offices/2898f54e-535c-4461-8645-435ca665ee34.jpg
152,RE/MAX Agora Happy Place,https://static.remax.pt/offices/392698e3-68a3-40a6-a8cc-4681aa077e08.jpg
306,RE/MAX Alanorte,https://static.remax.pt/offices/371a1cb2-3226-4d47-bc5b-987fa756d0e7.jpg
372,RE/MAX Albi,https://static.remax.pt/offices/677e56dd-2635-410d-ac18-1077032e0557.jpg
28,RE/MAX Albufeira Praia,https://static.remax.pt/offices/c3bf6e72-cdfc-4e71-8b86-659b041e2e94.jpg
169,RE/MAX Albufeira Smart,https://static.remax.pt/offices/23c9ee79-92d1-4738-82a5-e0f21a19a744.jpg
560,RE/MAX Alcateia,https://static.remax.pt/offices/aaa4409e-f2be-49e1-b493-cc98d0b26150.jpg
280,RE/MAX Alive,https://static.remax.pt/offices/16608f6f-e567-4951-a7c9-008745c9664f.jpg
639,RE/MAX Alive Alento,https://static.remax.pt/offices/4bd7e37f-b1d2-4d31-82cc-5b3ac35574ed.jpg
417,RE/MAX Alive Riverside,https://static.remax.pt/offices/c6788e58-2f0b-4c67-85f7-009c2f9cc1bf.jpg
307,RE/MAX Alive Sinus,https://static.remax.pt/offices/d6483566-c6b1-46d9-add8-3445856e70fc.jpg
659,RE/MAX Allma,https://static.remax.pt/offices/8e695405-ed2f-41de-997c-cfa0e2226e6f.jpg
19,RE/MAX Almada,https://static.remax.pt/offices/62c8d5f4-2369-4e70-ac5d-c40e13b36f27.jpg
127,RE/MAX Alpha,https://static.remax.pt/offices/3e69af51-c37d-4234-9dc9-15671a4c8f72.jpg
212,RE/MAX Altitude,https://static.remax.pt/offices/12270.jpg
308,RE/MAX Atitude,https://static.remax.pt/offices/7413a722-a3dc-4167-a252-6743d77390d0.jpg
362,RE/MAX Atitude II,https://static.remax.pt/offices/a24fa7ac-fc61-4695-80a4-753d8c3fc882.jpg
699,RE/MAX Atlântico,
696,RE/MAX Atlas,https://static.remax.pt/offices/2c96d612-a4b3-4b1a-9e80-c3611554929c.jpg
679,RE/MAX Atual,
581,RE/MAX Avenida,https://static.remax.pt/offices/5e0390ad-a32c-40b8-915c-252b3ff1f19a.jpg
687,RE/MAX Azure,https://static.remax.pt/offices/eb7edad9-2a99-446f-b893-85768ab4cae9.jpg
309,RE/MAX Barcovez,https://static.remax.pt/offices/cc8f2801-6043-488a-89f1-48778f734f8f.jpg
603,RE/MAX Barcovez II,https://static.remax.pt/offices/4070dc0a-e547-4af0-8b68-4aaefc93bf8b.jpg
486,RE/MAX Bay,https://static.remax.pt/offices/5b48804a-f943-4dcb-910d-d3eb85c789a7.jpg
618,RE/MAX Bay II,https://static.remax.pt/offices/32034c53-ad3c-421a-8c40-306639602603.jpg
359,RE/MAX Best Selection,https://static.remax.pt/offices/ba4f923e-df81-4e5d-8b33-0aa6018b5cf6.jpg
667,RE/MAX Bliss,https://static.remax.pt/offices/56698bc0-60e7-444f-b389-ba37e93dce6a.jpg
660,RE/MAX Blue,https://static.remax.pt/offices/51800012-c697-4ba2-8ab6-d721964cfb74.jpg
11,RE/MAX Braga,https://static.remax.pt/offices/d885b1c1-1564-4a60-901e-8ea5802ea72a.jpg
661,RE/MAX Brava,https://static.remax.pt/offices/8c16e095-757d-470b-a85d-f4304e6dbea6.jpg
605,RE/MAX Brava Praia,https://static.remax.pt/offices/d2029f7e-7251-4cc9-9e37-ff7a5ad9f05b.jpg
389,RE/MAX Cais,https://static.remax.pt/offices/1835d126-b193-4182-b1fe-06b5ef80e839.jpg
50,RE/MAX Caparica,https://static.remax.pt/offices/07b5979e-b6d3-48b9-b3ef-1e3c898de1f6.jpg
449,RE/MAX Caparica III,https://static.remax.pt/offices/175d2a88-f348-4781-b34c-de2eacc08b4e.jpg
468,RE/MAX Castelo,https://static.remax.pt/offices/7b088743-9507-42d5-9e1c-42d856c05e41.jpg
23,RE/MAX Castelo Branco,https://static.remax.pt/offices/12046.jpg
397,RE/MAX Cereja,https://static.remax.pt/offices/888c6f77-8cc3-4f4e-93df-4e919ec32e6b.jpg
393,RE/MAX Cerne,https://static.remax.pt/offices/7d93ba7e-b774-48d8-92d7-e69c8978f4d9.jpg
585,RE/MAX Certa,
83,RE/MAX Cidadela,https://static.remax.pt/offices/3632780a-2f75-4d8c-bd50-389587610454.jpg
501,RE/MAX Clássica,https://static.remax.pt/offices/eceea8bd-b38f-46c4-84ed-68d08457bea3.jpg
528,RE/MAX Collection 4 You,https://static.remax.pt/offices/dafc0ad4-f877-4bdd-bf69-63be5265a2ce.jpg
499,RE/MAX Collection ConviCtus,https://static.remax.pt/offices/15d65379-9e5b-4b7a-b313-d4c88ee083f6.jpg
530,RE/MAX Collection Convictus Sud,https://static.remax.pt/offices/ccd523aa-0339-44a3-bfaa-652cad9dcd2c.jpg
375,RE/MAX Collection Costa do Sol,https://static.remax.pt/offices/f1fd8d59-f424-4987-8a86-d655725f307a.jpg
669,RE/MAX Collection Costa do Sol II,
670,RE/MAX Collection Costa do Sol III,
710,RE/MAX Collection Elite,
574,RE/MAX Collection Golden Line,https://static.remax.pt/offices/6f8c8924-0137-4f92-91f3-440446e7c1a7.jpg
510,RE/MAX Collection MaxGroup,https://static.remax.pt/offices/e397f685-79eb-4506-9a60-9f77041982ea.jpg
658,RE/MAX Collection Signature,https://static.remax.pt/offices/f8f39eeb-7d6b-47ca-95b6-26c38cc71fd8.jpg
339,RE/MAX Collection Siimgroup,https://static.remax.pt/offices/2f1cd67e-0dc1-4062-89e2-3da5f574d224.jpg
700,RE/MAX Collection Somos,https://static.remax.pt/offices/a2a1820a-49e3-4c00-bf12-b4eeae3e0113.jpg
564,RE/MAX Collection Spazio,https://static.remax.pt/offices/eb5e53ef-bc83-485a-b499-bc1d055f22df.jpg
647,RE/MAX Collection Team,https://static.remax.pt/offices/4bb569e8-a5ef-4c84-95da-3da795a9cebc.jpg
514,RE/MAX Collection Valor,https://static.remax.pt/offices/db5e564c-f552-4006-81a5-231238396993.jpg
522,RE/MAX Collection Vantagem Aqua,https://static.remax.pt/offices/385876f4-d342-4a9a-84a5-6a2bea1a87fa.jpg
668,RE/MAX Collection Vantagem City,https://static.remax.pt/offices/9a04d1bb-9e3d-411a-a9a9-ec648fcc1fa1.jpg
606,RE/MAX Collection Vantagem Oporto,https://static.remax.pt/offices/0f3809d7-366c-4966-afe6-7fc3c4076850.jpg
672,RE/MAX Collection Vantagem Palace,https://static.remax.pt/offices/c50835ef-e45c-43fc-8443-7422ddf0ed2a.jpg
592,RE/MAX Collection Vantagem Villa,https://static.remax.pt/offices/c0baf2d8-f1cc-43a4-af76-fa0b307b084c.jpg
319,RE/MAX Collection Vintage,https://static.remax.pt/offices/dea3dd27-e9bf-4b90-92f2-b78705b1ca57.jpg
538,RE/MAX Collection Yes,https://static.remax.pt/offices/b465b31e-6f28-47af-9a8d-75d02fdde935.jpg
151,RE/MAX Conexão,https://static.remax.pt/offices/2e802966-8476-4c88-a677-4788f41105f5.jpg
320,RE/MAX Confiança,https://static.remax.pt/offices/8f6b7da8-cb95-4c21-ac8f-a8755f69dbbe.jpg
253,RE/MAX Confiança Vitrea,https://static.remax.pt/offices/e75fe084-c543-447e-a3c1-74bcfd1b6267.jpg
561,RE/MAX Consigo,https://static.remax.pt/offices/305626eb-3806-42c5-82d2-fe94822363b0.jpg
351,RE/MAX Consulting,https://static.remax.pt/offices/dd76104b-8d7d-4d21-822c-64e0c4dc856a.jpg
97,RE/MAX ConviCtus,https://static.remax.pt/offices/8ba44185-8a16-4a84-b106-67d930ec1af7.jpg
340,RE/MAX ConviCtus Baía,https://static.remax.pt/offices/0adb0bf0-f6c2-4b5a-b5e8-86d9f0797de6.jpg
616,RE/MAX ConviCtus Eleven,https://static.remax.pt/offices/eedb30c0-50f6-4f7f-a71c-e7f698481750.jpg
598,RE/MAX Convictus Sud,https://static.remax.pt/offices/38d14721-949c-4131-81d8-809318953d6b.jpg
629,RE/MAX Cool,https://static.remax.pt/offices/04eff202-d4c3-4a8d-99fe-b7b941a99bcc.jpg
334,RE/MAX Coral,https://static.remax.pt/offices/25cc633b-1118-414c-84a6-0f4dd6324e1c.jpg
59,RE/MAX Costa do Sol,https://static.remax.pt/offices/058f5079-5017-439a-b5bf-761bbbed4f40.jpg
548,RE/MAX Cristal,https://static.remax.pt/offices/778820e4-13b8-4a4e-a4bd-e5e89ecb71fc.jpg
245,RE/MAX Diamond,https://static.remax.pt/offices/adcf70c4-f100-49b5-a4e7-02db4cee09fb.jpg
147,RE/MAX Dinâmica,https://static.remax.pt/offices/acc8a6fc-5364-484b-8ce8-de597f3a93f8.jpg
608,RE/MAX Dinâmica Daire,https://static.remax.pt/offices/8c228215-79a9-492f-9102-1b99d9e5a9b0.jpg
532,RE/MAX Direct,https://static.remax.pt/offices/d145c74b-38eb-492c-8961-ee25455e110a.jpg
644,RE/MAX Direct Private,https://static.remax.pt/offices/6d29402b-4343-47e5-94ee-7800c8edc806.jpg
673,RE/MAX Dream,https://static.remax.pt/offices/73e25553-7e55-45de-aa26-2628bb36913f.jpg
484,RE/MAX Duplo Impacto,https://static.remax.pt/offices/843a45e0-f2be-4608-81d8-f5664801f18a.jpg
256,RE/MAX Duplo Prestígio Action,https://static.remax.pt/offices/48f63771-9fe7-47df-85bf-efbb1722768c.jpg
347,RE/MAX Duplo Prestígio Factory,https://static.remax.pt/offices/4b6f23e5-d927-411f-b6c5-b1d0486df64f.jpg
571,RE/MAX Duplo Prestígio Link,https://static.remax.pt/offices/9666438e-bbce-4386-ae91-4ff3ad69dff7.jpg
262,RE/MAX Duplo Prestígio Local,https://static.remax.pt/offices/c5fd9467-bf86-4d3b-8201-0df54cff712c.jpg
321,RE/MAX Duplo Prestígio One,https://static.remax.pt/offices/81531707-61fa-4660-91bd-9abbd32633db.jpg
683,RE/MAX Duplo Prestígio Raízes,https://static.remax.pt/offices/903a479e-1055-4181-9c11-51c7046a59c1.jpg
705,RE/MAX Duplo Prestígio Tua,https://static.remax.pt/offices/bca898e7-8798-4556-b9ca-9e66c6b182dc.jpg
573,RE/MAX Duplo Prestígio Urbis,https://static.remax.pt/offices/9762729b-bf47-41d1-a3f4-4e594d7c60e3.jpg
550,RE/MAX Duplo Prestígio Várzea,https://static.remax.pt/offices/cc77b38f-6ab7-4e21-9e62-f2f6857335ec.jpg
322,RE/MAX Duplo Prestígio West,https://static.remax.pt/offices/12385.jpg
541,RE/MAX Eco,https://static.remax.pt/offices/43b0ad5c-dcc3-45e7-9739-c7dc590b0d01.jpg
543,RE/MAX Edge,https://static.remax.pt/offices/6dc9ed15-cd58-458d-8548-36a14234e18a.jpg
665,RE/MAX Elegance,https://static.remax.pt/offices/f9769ecd-40f6-4d1e-b671-380774c3bc1d.jpg
290,RE/MAX Elite,https://static.remax.pt/offices/5843bcad-1a8d-47fd-bea4-da08abca74df.jpg
96,RE/MAX Emotion,https://static.remax.pt/offices/12148.jpg
394,RE/MAX Energy,https://static.remax.pt/offices/c46c7180-82d3-49a5-91cd-828e0b8dd5c4.jpg
252,RE/MAX Entre Castelos,https://static.remax.pt/offices/c26e5a12-f03c-4047-8cd3-5582bf605961.jpg
4,RE/MAX Évora,https://static.remax.pt/offices/9ac53460-f492-4eee-8771-d536c2267820.jpg
328,RE/MAX Exclusive,https://static.remax.pt/offices/ef9a0013-3482-46ac-b15c-c4cfeb38b62c.jpg
674,RE/MAX Exímia,https://static.remax.pt/offices/90e3b940-e56a-4ce7-863b-c2071720ae6b.jpg
31,RE/MAX Expo,https://static.remax.pt/offices/b0fdd3d3-be40-4e43-8503-f6b25766a24f.jpg
99,RE/MAX Expo II,https://static.remax.pt/offices/ae8533a1-05b4-4eef-a8cb-efa6031cd349.jpg
303,RE/MAX Expo III,https://static.remax.pt/offices/ab24e2a0-5389-4bf5-b1a0-7253c2849258.jpg
593,RE/MAX Expogroup Alameda,https://static.remax.pt/offices/aeb7be9a-e4d2-456d-8ac7-a5cb572fe220.jpg
568,RE/MAX ExpoGroup Dimensão,https://static.remax.pt/offices/7caad8b5-edc6-4392-b189-759e0f9a05ba.jpg
260,RE/MAX Expogroup Easy,https://static.remax.pt/offices/61787ba2-7f04-4b13-85aa-423e54fd14b8.jpg
311,RE/MAX Expogroup Easy River,https://static.remax.pt/offices/6cb4469d-eb16-4b92-a9df-8a3127f415fb.jpg
113,RE/MAX Expogroup Lagoa,https://static.remax.pt/offices/7e7f9dd7-e727-466b-bd8c-a74b79d9638a.jpg
489,RE/MAX Expogroup Naval,https://static.remax.pt/offices/7222fd18-5a24-40a1-b2c6-b94e0ce768b2.jpg
535,RE/MAX Expogroup Salinas,https://static.remax.pt/offices/b29e135c-9c04-42ce-b22b-b4149f076d5a.jpg
591,RE/MAX Expogroup Sand,https://static.remax.pt/offices/a2a55547-3a3f-4aa3-91ee-1ab727a588de.jpg
326,RE/MAX Expogroup Serra,https://static.remax.pt/offices/25c857f1-8ba6-4a81-a572-53ac5657c86f.jpg
367,RE/MAX Expogroup Station,https://static.remax.pt/offices/8a5e787f-10cf-43f8-9dbb-20d5550a2e2c.jpg
556,RE/MAX Expogroup Villa,https://static.remax.pt/offices/129e0c4c-950a-4bdf-a92f-bdbe985bac7b.jpg
677,RE/MAX Extra,https://static.remax.pt/offices/84f17962-442a-4252-9d2d-7f3a157f94cd.jpg
511,RE/MAX Family,https://static.remax.pt/offices/e5bdd6a8-1496-4b4d-8022-124434b69fb3.jpg
150,RE/MAX Family Executive,https://static.remax.pt/offices/8667cae7-041b-4ae8-a928-4e9be0473eae.jpg
653,RE/MAX Family II,https://static.remax.pt/offices/2d655708-2cff-429f-a60f-a9b3c543b4d6.jpg
458,RE/MAX Fénix,https://static.remax.pt/offices/b492b7eb-29a2-46bc-a09c-ac5e0d8de3dc.jpg
707,RE/MAX Fly,https://static.remax.pt/offices/948d0edf-00f5-4eab-8f63-40beda599f3f.jpg
479,RE/MAX Forte,https://static.remax.pt/offices/bb945454-0677-44ed-ad4f-5264b4c28ef3.jpg
327,RE/MAX Four Seasons,https://static.remax.pt/offices/cc07b887-252f-4947-ba9c-d47abb7035a5.jpg
703,RE/MAX Four Seasons City,
615,RE/MAX Four Seasons Villa,https://static.remax.pt/offices/629325d6-ea62-4e97-8063-910f5b989e2d.jpg
621,RE/MAX Fronteira,https://static.remax.pt/offices/96013ca5-5bfb-4add-bea9-5c01a655ca95.jpg
690,RE/MAX Fronteira II,https://static.remax.pt/offices/a71fa6fb-4b5f-4af9-9518-08cf0bb26fa9.jpg
330,RE/MAX Futuro,https://static.remax.pt/offices/4dd30505-9c7c-41e2-b63c-59e7ad3ed6dc.jpg
115,RE/MAX G4 New Cycle,https://static.remax.pt/offices/3ec69173-ffdf-4261-8a97-b8d03661a177.jpg
25,RE/MAX G4 Ocidental,https://static.remax.pt/offices/47262e85-89f3-4f97-b573-3cb1093350a0.jpg
46,RE/MAX G4 Rio,https://static.remax.pt/offices/ce10a5a8-cf3a-4ca9-a9d7-675ad9700e6e.jpg
701,RE/MAX Gallery,https://static.remax.pt/offices/bbea8dd0-db62-4a79-95f6-0e902c91b25f.jpg
247,RE/MAX Go,https://static.remax.pt/offices/27a38799-aedf-4adc-bceb-cd6f0493509c.jpg
124,RE/MAX Gold,https://static.remax.pt/offices/2a8940b7-ef6e-416c-a113-f1627e0e7b66.jpg
313,RE/MAX Golden Line,https://static.remax.pt/offices/0ddfd34c-8342-4d8b-abcc-cb82c246f336.jpg
483,RE/MAX Golden Line II,https://static.remax.pt/offices/b0c4810a-5202-4e9c-a357-1dd8116f5d31.jpg
544,RE/MAX Golden Line III,https://static.remax.pt/offices/e30d2ef1-d28d-4624-80d3-f72fc4e60c70.jpg
676,RE/MAX Habitat,https://static.remax.pt/offices/5ed126f5-ca7a-4eb2-a28d-b2d3a1763178.jpg
463,RE/MAX Happy,https://static.remax.pt/offices/ce3d8230-0bbd-4d74-819c-dd45d156a2ca.jpg
643,RE/MAX Happy Place,https://static.remax.pt/offices/ca214ee1-1e58-426c-80ce-beed03410a15.jpg
144,RE/MAX Homeland,https://static.remax.pt/offices/1687bad1-4e46-4b36-87d2-eea2d9b87540.jpg
602,RE/MAX Horizonte 4 All,https://static.remax.pt/offices/88e18d1c-4b51-4fe8-8d46-9ca04f887246.jpg
269,RE/MAX Horizonte Global,https://static.remax.pt/offices/6a3bbe52-2d9f-42ff-8ad6-49587ad4b656.jpg
325,RE/MAX Horizonte Pleno,https://static.remax.pt/offices/e80db6da-5fe4-48dd-a55d-4d7c18a37860.jpg
413,RE/MAX Ideal,https://static.remax.pt/offices/7504618e-58ec-4a50-9f84-640d07f1bb85.jpg
366,RE/MAX Ideal Dual,https://static.remax.pt/offices/f45ba501-8974-4ead-964f-3be74acfd3b4.jpg
460,RE/MAX Ideal Mor,https://static.remax.pt/offices/dc8d9df1-5470-4524-b904-b6c3db1b1338.jpg
697,RE/MAX Ideal Novo,https://static.remax.pt/offices/294048fb-4705-414b-9220-98dc1a9387e4.jpg
461,RE/MAX Ideal Pax,https://static.remax.pt/offices/3fb89b84-cda4-4cf4-bdea-d2ea9c295d7c.jpg
54,RE/MAX Ilha,https://static.remax.pt/offices/b59d5633-76d0-4175-9ead-e187e95fc9d7.jpg
503,RE/MAX Ilha II,https://static.remax.pt/offices/58807697-2d9c-459c-9bd5-e970fdbdb4d8.jpg
610,RE/MAX Ilha III,https://static.remax.pt/offices/3650751e-ac7a-4e93-98b4-1be0186da6d2.jpg
494,RE/MAX Imo,https://static.remax.pt/offices/d552080e-22c2-48d7-8dba-9092e4ac5ba2.jpg
111,RE/MAX Impacto,https://static.remax.pt/offices/44af6f54-3b9c-483c-ab80-fad5f255626f.jpg
335,RE/MAX In Motion,https://static.remax.pt/offices/659b7c4c-cd29-4767-b2c9-c85c1ba2e854.jpg
633,RE/MAX In Motion II,https://static.remax.pt/offices/6d9bba76-2fa5-48f6-a75a-b9b523fd6e44.jpg
637,RE/MAX Infinity,https://static.remax.pt/offices/c3b4949f-2045-4257-8d7f-04b228c45a3a.jpg
292,RE/MAX Inn,https://static.remax.pt/offices/1859a903-2bfb-4cf7-8c14-777209bf4372.jpg
456,RE/MAX Inn II,https://static.remax.pt/offices/1e0049ee-0f16-453b-abf5-050a02d7ca5b.jpg
680,RE/MAX Inova,https://static.remax.pt/offices/cb79591e-910e-4e57-9a23-f74eb171f259.jpg
399,RE/MAX Investe,https://static.remax.pt/offices/47214231-0611-437c-bbc3-81447e20f16e.jpg
58,RE/MAX Latina,https://static.remax.pt/offices/c20d5e49-d8c1-4895-ac43-7f4b526ca560.jpg
396,RE/MAX Latina Boavista,https://static.remax.pt/offices/2394708e-1b36-42e9-95ca-009be8f497d1.jpg
360,RE/MAX Latina Business,https://static.remax.pt/offices/f4c5ffc4-6c63-4e7d-ba69-9aef061f0c07.jpg
551,RE/MAX Latina Center,https://static.remax.pt/offices/83948b2d-2752-4fce-9f44-e1970e683233.jpg
506,RE/MAX Latina Conquista,https://static.remax.pt/offices/066db1bf-b937-4c15-a010-b2c1255ca0ca.jpg
353,RE/MAX Latina For Life,https://static.remax.pt/offices/986522a7-594d-430e-b652-6d8f04716865.jpg
56,RE/MAX Latina II,https://static.remax.pt/offices/ff1a5385-e533-4e1a-bae9-d96f573e8fd2.jpg
12,RE/MAX Leiria,https://static.remax.pt/offices/88ef30b1-4721-469c-a8dc-853fe38baec1.jpg
376,RE/MAX Liberty,https://static.remax.pt/offices/12439.jpg
594,RE/MAX Liberty II,https://static.remax.pt/offices/241a97e4-109f-431e-a732-fb46d99f13e6.jpg
694,RE/MAX Línea,https://static.remax.pt/offices/a32d448e-466b-4500-bf4b-fcc25a074362.jpg
336,RE/MAX Lounge,https://static.remax.pt/offices/12399.jpg
385,RE/MAX Lounge II,https://static.remax.pt/offices/8532085b-f3ce-40f1-ace0-b152cee4763b.jpg
504,RE/MAX Lounge III,https://static.remax.pt/offices/0783f9bc-1e44-4dc8-b72b-96f1488c8b32.jpg
632,RE/MAX Madeiro,https://static.remax.pt/offices/a204eb9f-0cb6-4a97-b578-1f361ff8247c.jpg
32,RE/MAX Madis,https://static.remax.pt/offices/52d1258e-7a0c-4529-bbd8-e1423114c817.jpg
188,RE/MAX Magistral,https://static.remax.pt/offices/34db3677-a65a-4fdc-8eb0-5e925dd67fb0.jpg
451,RE/MAX Magistral 2,https://static.remax.pt/offices/7650db5d-f4da-4b9b-8b3e-8ae5081736a4.jpg
452,RE/MAX Magistral 3,https://static.remax.pt/offices/66aa9560-63fe-4ec2-b4c7-0c21b9fb1e49.jpg
453,RE/MAX Magistral 4,https://static.remax.pt/offices/48586f53-f33b-4a3f-ab6f-cc7d167e29cd.jpg
572,RE/MAX Magistral 5,https://static.remax.pt/offices/4cc8d3a8-cff1-4e68-b4b0-ab3bcea9816b.jpg
688,RE/MAX Magistral 6,https://static.remax.pt/offices/c8ac2b37-b58f-4a9b-9b85-478bdfb818f3.jpg
689,RE/MAX Magistral 7,https://static.remax.pt/offices/9f02b889-8e29-48d8-b058-e1651eb61704.jpg
681,RE/MAX Magistral 8,https://static.remax.pt/offices/d042aae3-563b-41ab-adc8-72cd5aa1d197.jpg
702,RE/MAX Magna,https://static.remax.pt/offices/a54e3bdc-edd9-4c3b-abc8-edb5d488efef.jpg
44,RE/MAX Maia,https://static.remax.pt/offices/f79d6f8e-251a-41a7-b3ef-3cab9b3fe82b.jpg
160,RE/MAX Mais,https://static.remax.pt/offices/b070c5bf-f412-4d61-a008-994885b0e742.jpg
441,RE/MAX Majestic,https://static.remax.pt/offices/4fefdc5b-280c-44ea-8302-f8539f883918.jpg
518,RE/MAX Mar,https://static.remax.pt/offices/0f3061c8-04d0-47db-9cdb-6c5febfd551e.jpg
693,RE/MAX Mar II,
201,RE/MAX Marquês,https://static.remax.pt/offices/5fb6aa76-9a98-4dd3-8e3d-c313bdd7315a.jpg
595,RE/MAX Match,https://static.remax.pt/offices/36dcfd5c-0e09-44e0-8778-c0c34a1a30c4.jpg
42,RE/MAX Matosinhos,https://static.remax.pt/offices/ad46ed41-e3af-4d42-8985-bb03eb07307f.jpg
295,RE/MAX Mercado,https://static.remax.pt/offices/a7381925-911e-4696-9a06-d9d556e20d7b.jpg
496,RE/MAX Metropole,https://static.remax.pt/offices/35742fb9-b3f3-4b09-98ef-1449ff33857c.jpg
286,RE/MAX Milénio,https://static.remax.pt/offices/5f49e4f3-18e5-4384-82d3-0733616ce461.jpg
617,RE/MAX Moment,https://static.remax.pt/offices/030a050f-4f44-4c94-9590-e73ca02f1de2.jpg
78,RE/MAX Mosteiro,https://static.remax.pt/offices/119cfca2-ce9d-440f-ab7c-b67c342504e2.jpg
272,RE/MAX Move,https://static.remax.pt/offices/b9c4c5b5-ef73-4033-8dc6-902bac3669a1.jpg
597,RE/MAX Move Bastus,https://static.remax.pt/offices/95386b81-0a50-453c-84cf-9c4bfeeb0fd7.jpg
588,RE/MAX Move Camélias,https://static.remax.pt/offices/c4d1dd13-ea2f-4dbb-b7c8-19d5848dc9f3.jpg
119,RE/MAX Move Conquistador,https://static.remax.pt/offices/bf15736c-898e-4fe1-bab5-4e3b5eb33b2e.jpg
604,RE/MAX Move Flaviae,https://static.remax.pt/offices/64f7c6ef-c16b-4e7c-a9a7-22df73bf9ba2.jpg
310,RE/MAX Move Limiana,https://static.remax.pt/offices/13c14a30-d75c-421d-bd35-a477db2f539c.jpg
43,RE/MAX Move Lions,https://static.remax.pt/offices/e7b73df7-9046-490c-98af-9be98a11598f.jpg
664,RE/MAX Move Nature,https://static.remax.pt/offices/1185880a-b7f6-4838-8a94-a7e930a6311f.jpg
586,RE/MAX Move Nautica,https://static.remax.pt/offices/cbfebd3b-ae87-4748-b101-e99eb2cd2150.jpg
554,RE/MAX Move Terras de Sonho,https://static.remax.pt/offices/4d981cb7-fe31-493f-8843-2082e7d9683c.jpg
523,RE/MAX Muralha,https://static.remax.pt/offices/f9df9949-6fa8-47d7-96eb-f20679140da9.jpg
172,RE/MAX Must,https://static.remax.pt/offices/1107e45b-bb78-4114-8725-c873b55e2bfd.jpg
352,RE/MAX Must II,https://static.remax.pt/offices/1d23c660-b647-4e45-9469-4097afb2014f.jpg
402,RE/MAX Must III,https://static.remax.pt/offices/fdcc7171-58da-4bd4-b2b1-c1d13c1c7403.jpg
642,RE/MAX Must IV,https://static.remax.pt/offices/0675a78a-08c6-4b88-a77b-6d28602776db.jpg
508,RE/MAX My Place,https://static.remax.pt/offices/f21c0387-1ece-4da9-a54b-5f4fe0b92bcb.jpg
641,RE/MAX Na Linha,https://static.remax.pt/offices/eacf98c4-2b87-40a8-8edc-50e981b53f59.jpg
242,RE/MAX Negócios,https://static.remax.pt/offices/46dae5a8-2275-4230-877a-64eb3098dad3.jpg
361,RE/MAX Negócios II,https://static.remax.pt/offices/893ef05f-212a-4ca1-b7ea-988c3bc4191f.jpg
165,RE/MAX New,https://static.remax.pt/offices/113fa6ef-e610-4193-ad7b-49e75501941e.jpg
355,RE/MAX Next,https://static.remax.pt/offices/44d5afd3-765a-4345-9d34-7c49a7768cec.jpg
624,RE/MAX Next II,https://static.remax.pt/offices/8fc801d0-0a14-4086-9d82-32035ef5231c.jpg
648,RE/MAX Nostra,https://static.remax.pt/offices/932a5dc1-e517-4f3f-a935-3b2a873e8600.jpg
547,RE/MAX Novo Lar,https://static.remax.pt/offices/d480291c-a41e-47fc-8332-4353f5849d7b.jpg
520,RE/MAX Ocean,https://static.remax.pt/offices/a5330a71-e9ca-4540-97a3-0acf76e2999c.jpg
470,RE/MAX Oceanus,https://static.remax.pt/offices/d0870895-c4b6-4295-9b36-47efa3f8c641.jpg
455,RE/MAX On,https://static.remax.pt/offices/94f286fe-ce7b-4dd9-a5b6-263c710b7699.jpg
557,RE/MAX On II,https://static.remax.pt/offices/f6a5ddc4-ae30-42d9-8ab6-e335f7ddb1cd.jpg
691,RE/MAX One,https://static.remax.pt/offices/06c1b3e5-77b8-4932-bf61-a4e83ec5078c.jpg
478,RE/MAX Paço,https://static.remax.pt/offices/3fa40423-443b-4d15-a671-459223f46d36.jpg
630,RE/MAX Paixão,https://static.remax.pt/offices/8039f29c-dc92-4b69-a230-ef1d5e6b384b.jpg
570,RE/MAX Panorama,https://static.remax.pt/offices/747cc246-c31f-4173-8f0b-4954a989b3a2.jpg
500,RE/MAX Panorama Alba,https://static.remax.pt/offices/5c3e537a-c26c-4f65-aaf2-392577198cd7.jpg
8,RE/MAX Parede,https://static.remax.pt/offices/fc1cb45d-8b2d-405a-884a-2e251ff0cd5a.jpg
324,RE/MAX Passion Center,https://static.remax.pt/offices/2e8e11dc-3b05-4795-9d8e-e78918195867.jpg
692,RE/MAX Passion Marinha,https://static.remax.pt/offices/a59efead-75da-40db-a293-525d86d7b8de.jpg
519,RE/MAX Património,https://static.remax.pt/offices/eb50d7cd-feb6-436e-86b9-54cd41d7b812.jpg
20,RE/MAX Pinheiro Manso,https://static.remax.pt/offices/c3675ad8-33b5-442b-8da7-c63353d97eea.jpg
226,RE/MAX Place,https://static.remax.pt/offices/b500bf62-1292-4212-880c-eb56021af390.jpg
583,RE/MAX Place Original,https://static.remax.pt/offices/3b58f18f-2db1-4aae-8146-e41c9543520a.jpg
377,RE/MAX Place Primus,https://static.remax.pt/offices/54a7bc46-e6df-4dc8-a525-3764bbec9d5d.jpg
555,RE/MAX Place Riverview,https://static.remax.pt/offices/7ad64089-b459-471a-966c-b80dfd4889e3.jpg
525,RE/MAX Place Strada,https://static.remax.pt/offices/f1180d9f-a271-4360-ba9d-807b5fe1abf1.jpg
384,RE/MAX Platina II,https://static.remax.pt/offices/d8d14e1a-2365-463f-b3b4-d0949e4f9d3c.jpg
363,RE/MAX Plaza,https://static.remax.pt/offices/3f5764a7-dc7f-465f-b854-5e7abcb27a0b.jpg
209,RE/MAX Plus,https://static.remax.pt/offices/b4aa2d2f-b249-48c3-86d1-fa0b4f154350.jpg
480,RE/MAX Ponte,https://static.remax.pt/offices/110b055e-9185-4cd0-acae-b9c886d018ec.jpg
29,RE/MAX Portalegre,https://static.remax.pt/offices/266fc1c2-b7d7-4f97-88d8-d6202ff945e4.jpg
1,RE/MAX Portugal,https://static.remax.pt/offices/c63aba84-1229-4fef-9b23-26d7f4efc979.jpg
189,RE/MAX Power,https://static.remax.pt/offices/92c8fc3c-12f3-4eea-9844-bb86ed056497.jpg
107,RE/MAX Praia,https://static.remax.pt/offices/ffbffbf4-33ad-4d89-ab09-aafbd905dc1c.jpg
315,RE/MAX Prata,https://static.remax.pt/offices/9c395a67-7977-40f4-aa12-70890de58726.jpg
663,RE/MAX Prata II,https://static.remax.pt/offices/36a928d6-238f-4bea-8c21-39595031a4e0.jpg
589,RE/MAX Premier,https://static.remax.pt/offices/27d28f7d-a559-4cd8-86e6-0494790cced3.jpg
73,RE/MAX Premium,https://static.remax.pt/offices/db7cbe87-ecef-47b1-a9f3-920dd8a1d771.jpg
312,RE/MAX Prestige,https://static.remax.pt/offices/aff0d5be-29ac-4894-a23a-54a693ef0b3d.jpg
10,RE/MAX Prime,https://static.remax.pt/offices/a9e8c834-2080-4eb0-bfdf-6d387a3abb8b.jpg
204,RE/MAX Prisma,https://static.remax.pt/offices/f3198926-28f2-47c0-9c87-251f8cb62a22.jpg
651,RE/MAX Privilege,https://static.remax.pt/offices/2ffddb29-c923-424e-8fbb-ac18df4db2d1.jpg
296,RE/MAX Pro,https://static.remax.pt/offices/abe66c34-e471-41a1-ab25-5ac51ea81962.jpg
686,RE/MAX Pro II,https://static.remax.pt/offices/64dc5df6-0eb6-42c4-a2cc-6df92ca1c9e5.jpg
398,RE/MAX Projeto,https://static.remax.pt/offices/60a5ba2b-4abf-4b2b-a14f-8c0ad1eb24d2.jpg
69,RE/MAX Radial,https://static.remax.pt/offices/a27351ba-3d18-450b-bf07-6cf17917148c.jpg
38,RE/MAX Rainha,https://static.remax.pt/offices/3fe3c812-e3da-41e5-8713-87cf66a53742.jpg
369,RE/MAX Rapid,https://static.remax.pt/offices/2280f618-c817-4078-af4a-8c59a2a6e627.jpg
695,RE/MAX Ready,https://static.remax.pt/offices/9001c883-08db-40b5-b96f-ec520945cc9b.jpg
497,RE/MAX Real,https://static.remax.pt/offices/ecb5d2f3-4f24-4fec-a129-4b2d70cde045.jpg
264,RE/MAX ReOriente,https://static.remax.pt/offices/6b43b0cf-4a3b-4f1b-a99d-c7d7ebc06995.jpg
553,RE/MAX Rigor,https://static.remax.pt/offices/7a54dc19-c1ce-4be4-8465-358b65d6b42b.jpg
60,RE/MAX Riviera,https://static.remax.pt/offices/65b12a9d-ff26-4678-9f46-31f3efa7f465.jpg
348,RE/MAX Rubeas,https://static.remax.pt/offices/7fe90745-e885-4b9e-9eaf-9e85c4a8a297.jpg
183,RE/MAX Rumo,https://static.remax.pt/offices/97aae9a5-c745-4f60-b681-19baea7dd445.jpg
53,RE/MAX Rumo II,https://static.remax.pt/offices/de198800-5afc-4294-9f2b-dedf35dab8f1.jpg
380,RE/MAX Rumo III,https://static.remax.pt/offices/2e7e633e-ba1f-4348-b813-efcda585ae24.jpg
473,RE/MAX Rumo IV,https://static.remax.pt/offices/78ad680e-5997-406f-96e5-c79ae2e772ef.jpg
684,RE/MAX Rumo V,
404,RE/MAX Select,https://static.remax.pt/offices/35ed8dd8-a0a1-4808-b443-5f67b3cbdde6.jpg
358,RE/MAX Select II,https://static.remax.pt/offices/bd8d1fdb-e42c-41f9-888c-8eed1e2fe0e2.jpg
654,RE/MAX Siga,https://static.remax.pt/offices/aee0fa67-af9a-4bb5-9ec9-5928d11789ed.jpg
26,RE/MAX Siimgroup,https://static.remax.pt/offices/7c113400-dd0e-4ca0-ad3c-6b5a6513bd87.jpg
118,RE/MAX Siimgroup Countryside,https://static.remax.pt/offices/15fd3898-01b2-4980-8c12-8a54bc5b98c4.jpg
27,RE/MAX Siimgroup Loft,https://static.remax.pt/offices/a6d0a4fa-f9fb-41b1-9cab-290da7eff33a.jpg
6,RE/MAX Siimgroup Miraflores,https://static.remax.pt/offices/5b8abcc8-8aae-499f-a74a-01436e5fb029.jpg
408,RE/MAX Silver,https://static.remax.pt/offices/2aaee03c-f166-4658-89b1-945af9ebd5ad.jpg
475,RE/MAX Sky,https://static.remax.pt/offices/e4bb1ecc-8252-4104-98cb-ef945220bf87.jpg
575,RE/MAX Smart Capital,https://static.remax.pt/offices/5030274b-797e-4983-a27c-6a3331c26845.jpg
407,RE/MAX Smart II,https://static.remax.pt/offices/02d55c20-c753-4334-93e3-742c1f331bbf.jpg
521,RE/MAX Smart Team,https://static.remax.pt/offices/13988b1c-dfba-4a93-8382-e670c7a6b4f4.jpg
439,RE/MAX Smile,https://static.remax.pt/offices/b59a84ef-7e97-4415-8533-5397daa8ac1d.jpg
364,RE/MAX Solmar,https://static.remax.pt/offices/41194ed4-7156-4c99-b91b-ee4c844bec67.jpg
640,RE/MAX Solutions,https://static.remax.pt/offices/d41d8235-d3bb-4be4-b8a0-2ac4a777534c.jpg
614,RE/MAX Somos Berço,https://static.remax.pt/offices/8316b337-f067-4499-8620-3c043c267395.jpg
563,RE/MAX Somos Like,https://static.remax.pt/offices/76ea53cf-cbee-4c1c-b5ea-5e39801d549a.jpg
678,RE/MAX Somos Portus,https://static.remax.pt/offices/e80c8514-799e-4d78-84ee-155059c27e9c.jpg
502,RE/MAX Somos Progresso,https://static.remax.pt/offices/9e922523-297e-4e26-8bee-ccdc8966bbc5.jpg
495,RE/MAX Somos Satisfactor,https://static.remax.pt/offices/f290d819-e0cc-41df-9468-b53fff9e6263.jpg
650,RE/MAX Somos Sonho,https://static.remax.pt/offices/ecdce12c-62c3-401d-833c-676eb08c6caf.jpg
625,RE/MAX Somos Variações,https://static.remax.pt/offices/6f35d095-01da-4f66-b746-ec875b5a9d6b.jpg
268,RE/MAX Spazio,https://static.remax.pt/offices/f2352278-652f-4d80-8915-f46884556690.jpg
527,RE/MAX Speed,https://static.remax.pt/offices/3db6a53f-273b-4d40-bea3-958bfd8e012c.jpg
332,RE/MAX Start,https://static.remax.pt/offices/360ee327-986c-4696-b004-c8d764450ad7.jpg
622,RE/MAX Station,https://static.remax.pt/offices/e679e772-246d-4c8c-9c34-db2e541ba199.jpg
447,RE/MAX Summit,https://static.remax.pt/offices/0cb6d840-959a-4783-9a19-010c9dea1ff9.jpg
230,RE/MAX Sun,https://static.remax.pt/offices/60f1ce1d-c23a-4df3-90d3-d52dd1757100.jpg
649,RE/MAX Sunset,https://static.remax.pt/offices/7a34f0ef-912a-458b-b1de-f813c1a3417c.jpg
706,RE/MAX Sunset Kanisa,
685,RE/MAX Sunset Sudoeste,https://static.remax.pt/offices/4d3e2482-b46d-4ac3-8b7c-d8172fe744cc.jpg
515,RE/MAX Talent,https://static.remax.pt/offices/d2dc2c27-8f2b-4b47-a26d-dca9c497f55f.jpg
49,RE/MAX Tavira,https://static.remax.pt/offices/2767d0e2-fa82-41c5-bb9e-5f964345f64b.jpg
233,RE/MAX Team,https://static.remax.pt/offices/1a3ef4ce-ebb7-4ccc-9018-a94cbc69a447.jpg
485,RE/MAX Team 4U,https://static.remax.pt/offices/1790905e-da86-45e6-ad44-06b2d3e37ba0.jpg
590,RE/MAX Team Active,https://static.remax.pt/offices/a22c334d-abc0-43ed-a659-6158f5da7f65.jpg
531,RE/MAX Team Condestável,https://static.remax.pt/offices/86217cb8-232c-4818-8ce6-2148539b9bf1.jpg
161,RE/MAX Team Forever,https://static.remax.pt/offices/7a7f2711-c578-4d5d-af56-570d3a187bbf.jpg
22,RE/MAX Team II,https://static.remax.pt/offices/9b1c0f12-2d6f-4a82-8e06-c5a38576736b.jpg
316,RE/MAX Team III,https://static.remax.pt/offices/b53d09cd-c457-4193-8acf-914183753fab.jpg
628,RE/MAX Team Inspira,https://static.remax.pt/offices/d150e823-300a-406c-8aab-515fc8f748fd.jpg
613,RE/MAX Team Sierra,https://static.remax.pt/offices/4b2b3766-0e2c-4774-a3e1-12567e7ffbd4.jpg
587,RE/MAX Team Spirit,https://static.remax.pt/offices/9b73328f-5006-40aa-a21b-b9bc02f6e242.jpg
599,RE/MAX Team Templários,https://static.remax.pt/offices/0732570e-e3b6-4aa7-9ae7-0cd209e454ca.jpg
492,RE/MAX Team V,https://static.remax.pt/offices/f6ea47a3-98dd-4d9d-b9bf-6798aa5e0ccd.jpg
9,RE/MAX Telheiras,https://static.remax.pt/offices/9aa8c9b8-7e38-407f-b49c-1f8c1e0c7f90.jpg
388,RE/MAX Time,https://static.remax.pt/offices/d24d5e0d-ee9a-451a-9cbe-21b82e4652a0.jpg
387,RE/MAX Today,https://static.remax.pt/offices/189bb26a-12e3-4009-ba56-a851750ef3b4.jpg
164,RE/MAX Top,https://static.remax.pt/offices/6dfbd497-99d0-407d-a1d3-84ff007d8898.jpg
457,RE/MAX Top II,https://static.remax.pt/offices/891ac23c-eea9-44d0-8efa-137981a0847e.jpg
526,RE/MAX Top III,https://static.remax.pt/offices/42cf8c32-1551-4171-aa58-8abc2736108d.jpg
656,RE/MAX Trilogy,https://static.remax.pt/offices/6762747a-c4f1-434f-bb46-ec304df7087e.jpg
529,RE/MAX Triunfo,https://static.remax.pt/offices/fb99f704-e88d-4708-839e-d39647ed2970.jpg
443,RE/MAX Twin,https://static.remax.pt/offices/746291c2-72b4-46b5-80e0-acf8b89f8200.jpg
471,RE/MAX United,https://static.remax.pt/offices/3027dd32-2e02-4040-9bcd-f8192246826d.jpg
482,RE/MAX United II,https://static.remax.pt/offices/de1b06d1-468b-474a-9414-5a3afc93e7ea.jpg
539,RE/MAX United III,https://static.remax.pt/offices/79cc124e-05d9-4cbc-aa07-0b1b5e15df81.jpg
391,RE/MAX Universal,https://static.remax.pt/offices/c203120b-c9e1-48a7-936b-81486d8d05cb.jpg
662,RE/MAX Universal River,https://static.remax.pt/offices/262177e5-5d83-46c9-92d5-beb8d97aa627.jpg
289,RE/MAX UP,https://static.remax.pt/offices/17ca8491-131d-4768-9e1c-0036bb73635f.jpg
549,RE/MAX UP 2,https://static.remax.pt/offices/1e561e36-8bcf-4317-9943-f808640b688c.jpg
487,RE/MAX Urban,https://static.remax.pt/offices/9b1ec66b-a57d-49b5-bd04-2bd82b927a91.jpg
349,RE/MAX Urban Palácio,https://static.remax.pt/offices/bd40150a-3714-4272-9de3-20d31a04cdac.jpg
100,RE/MAX Valor,https://static.remax.pt/offices/6f221586-95f4-4456-85c9-91048a568a64.jpg
203,RE/MAX Valor II,https://static.remax.pt/offices/5cb26e11-e3b2-4db6-8b70-bf3b4bc0a404.jpg
671,RE/MAX Vanguard,https://static.remax.pt/offices/9cce7372-3678-445f-8e2e-685c5a1fbf4b.jpg
202,RE/MAX Vantagem,https://static.remax.pt/offices/b30a6ab1-89ce-496b-b478-f5747559826b.jpg
536,RE/MAX Vantagem Académica,https://static.remax.pt/offices/098e8eb1-a03a-4e50-899a-f5b652216fad.jpg
464,RE/MAX Vantagem Agraço,https://static.remax.pt/offices/3e7baae5-c86f-43e1-b08c-dd1d85e1cb0b.jpg
507,RE/MAX Vantagem Aliança,https://static.remax.pt/offices/1890bf64-5619-4fe0-b91e-7959b06ec2c8.jpg
48,RE/MAX Vantagem Arrábida,https://static.remax.pt/offices/e8034d5d-a6c9-4c5d-9533-260631cdcbf0.jpg
469,RE/MAX Vantagem Atlântico,https://static.remax.pt/offices/989afc81-f9c0-45ff-bf4e-2d2ceb21284a.jpg
636,RE/MAX Vantagem Atrium,https://static.remax.pt/offices/377077f6-fe2d-45e1-9446-ef76b2806058.jpg
13,RE/MAX Vantagem Avenida,https://static.remax.pt/offices/7af684fb-4a38-4966-8322-fc8ae4fd8f2f.jpg
261,RE/MAX Vantagem Campus,https://static.remax.pt/offices/41fdc401-389a-4088-b8a8-93ef7a074b7c.jpg
140,RE/MAX Vantagem Central,https://static.remax.pt/offices/6dae969d-fd2e-43b0-b992-0c971c2ba557.jpg
682,RE/MAX Vantagem Class,https://static.remax.pt/offices/d332ce8f-6cc1-4abf-b85a-8c5e641621d5.jpg
52,RE/MAX Vantagem Gaya,https://static.remax.pt/offices/5e68edb5-4c75-4b2c-b3f5-b712fafe7fce.jpg
596,RE/MAX Vantagem Home,https://static.remax.pt/offices/1e7580dd-78e6-4220-a9dc-9cb58c2de2e1.jpg
294,RE/MAX Vantagem Invicta,https://static.remax.pt/offices/3de19e0e-9e1d-4741-aed8-13462e8ba996.jpg
466,RE/MAX Vantagem Lezíria,https://static.remax.pt/offices/76bee4cf-3ca8-4553-8f6b-72763343b855.jpg
505,RE/MAX Vantagem Lidador,https://static.remax.pt/offices/b03ab826-4743-4aec-bfd2-674bee2b10d0.jpg
89,RE/MAX Vantagem Life,https://static.remax.pt/offices/4710a80b-6c16-4249-b84a-7475933a68e9.jpg
450,RE/MAX Vantagem Litoral,https://static.remax.pt/offices/0f7e47f1-f094-48bd-890a-c12029680123.jpg
467,RE/MAX Vantagem Maior,https://static.remax.pt/offices/1f77d909-418d-405e-b465-5b6c929674d9.jpg
185,RE/MAX Vantagem Maré,https://static.remax.pt/offices/0659e6b3-f829-4e25-9b4a-76c4261ed441.jpg
600,RE/MAX Vantagem Market,https://static.remax.pt/offices/c4abb733-468b-4ae3-8aed-35974199fc7a.jpg
81,RE/MAX Vantagem Metro,https://static.remax.pt/offices/742b741d-c7bf-46d3-8e7d-fcb18dadc3da.jpg
411,RE/MAX Vantagem NAU,https://static.remax.pt/offices/c8e0836d-8ede-4d91-b058-286687785ea1.jpg
301,RE/MAX Vantagem Now,https://static.remax.pt/offices/79dec060-1d9b-4080-8df0-83276d542c43.jpg
134,RE/MAX Vantagem Oeste,https://static.remax.pt/offices/23a9b419-8cc2-47e9-997e-de066de8d111.jpg
545,RE/MAX Vantagem Oriental,https://static.remax.pt/offices/8a2ffc38-49c6-477b-b007-a77ad1860036.jpg
142,RE/MAX Vantagem Park,https://static.remax.pt/offices/849285ad-0cfc-49e3-966a-157ec641f42e.jpg
465,RE/MAX Vantagem Planície,https://static.remax.pt/offices/bdb98710-623f-43c1-bdf5-2a102b9982c2.jpg
190,RE/MAX Vantagem Platina,https://static.remax.pt/offices/55ebcab1-2120-494d-a610-6b562b5e3f0c.jpg
37,RE/MAX Vantagem Plaza,https://static.remax.pt/offices/419e5177-b622-4f53-8bcc-1b00e73bcef2.jpg
368,RE/MAX Vantagem Real,https://static.remax.pt/offices/64ed12df-161a-4c1a-a378-768dac1431b2.jpg
281,RE/MAX Vantagem Ria,https://static.remax.pt/offices/eea0cb9a-9d47-4715-a4cd-5b999375507b.jpg
21,RE/MAX Vantagem Ribatejo,https://static.remax.pt/offices/2a455714-7a6a-4f5e-a26e-e6564ec26c9f.jpg
157,RE/MAX Vantagem Seven,https://static.remax.pt/offices/a4743414-ce78-4a0a-b9a9-4e011b3a1422.jpg
337,RE/MAX Vantagem Solução,https://static.remax.pt/offices/d8ba8741-0f1f-47f7-8b5f-bfcd808cd4a3.jpg
196,RE/MAX Vantagem Spirit,https://static.remax.pt/offices/3ba39dad-e0fa-4ce7-9935-31a19ad29335.jpg
652,RE/MAX Vantagem Stone,https://static.remax.pt/offices/a734edc2-6536-4fdb-a3eb-85de1e1ea4ee.jpg
148,RE/MAX Vantagem Sucesso,https://static.remax.pt/offices/19d9fe1f-5354-4a3f-b674-59946434f525.jpg
635,RE/MAX Vantagem Sul,https://static.remax.pt/offices/65a684a8-0965-499c-840c-582b54812d8f.jpg
476,RE/MAX Vantagem Tagus,https://static.remax.pt/offices/fa6b80ba-af87-443e-bd32-521143dc4b45.jpg
314,RE/MAX Vantagem Urban,https://static.remax.pt/offices/abb144f1-56eb-4b99-98a6-194c901e594e.jpg
275,RE/MAX Vantagem Valley,https://static.remax.pt/offices/d95c5225-12cd-4c4d-aa76-a29d8e917bef.jpg
331,RE/MAX Vantagem Zimbra,https://static.remax.pt/offices/56af1ae7-f3bd-498e-b1ca-6fa2ea06a989.jpg
524,RE/MAX Via Rápida,https://static.remax.pt/offices/f0272d93-68f7-4c18-8e31-d60785385b2c.jpg
65,RE/MAX Vila,https://static.remax.pt/offices/0a72ccc9-0a19-4af0-872e-ea573913956f.jpg
627,RE/MAX Vila II,https://static.remax.pt/offices/a8873c86-f4f5-4e0d-ac13-1736f36504b4.jpg
386,RE/MAX Vila III,https://static.remax.pt/offices/3f351ecd-2df6-4b41-a5d6-e93a6ced32c2.jpg
698,RE/MAX Vilamar,
5,RE/MAX Vilamoura,https://static.remax.pt/offices/d43a5e76-6cf5-4365-bde5-ff5fc6294d45.jpg
619,RE/MAX Vilanova,https://static.remax.pt/offices/af041c1b-3e0f-43d4-b932-611fc2bd8e23.jpg
344,RE/MAX Vip,https://static.remax.pt/offices/e36b8e27-4438-4fe2-96a4-cc61197a9b43.jpg
298,RE/MAX Visão,https://static.remax.pt/offices/fee01673-dfb5-4c27-ada7-058747835edb.jpg
251,RE/MAX Vision,https://static.remax.pt/offices/b5e8008f-3ce0-4b9e-ad78-dce7060bad44.jpg
442,RE/MAX Vision II,https://static.remax.pt/offices/b0dcec33-abac-454e-8942-5e51bba84d8f.jpg
537,RE/MAX Viva,https://static.remax.pt/offices/1883e73e-1a43-4b74-9436-3bc0bcc5a2b9.jpg
565,RE/MAX Viva II,https://static.remax.pt/offices/fe7a61a7-986f-42ae-bd95-cfd019122ff5.jpg
704,RE/MAX Viver,https://static.remax.pt/offices/b7ad0377-2042-45b2-80e1-8d47630f3211.jpg
626,RE/MAX We Go,https://static.remax.pt/offices/f47a7b4c-ff00-4700-b9ba-637195c2e3c7.jpg
274,RE/MAX White,https://static.remax.pt/offices/06d63b20-312d-4476-894d-f196566424f0.jpg
607,RE/MAX White Baga,https://static.remax.pt/offices/e78a29f6-042a-40f7-b674-6add1918dada.jpg
378,RE/MAX White Castelo,https://static.remax.pt/offices/9ef554bd-364f-4641-8824-4f2a3b4caad7.jpg
579,RE/MAX White Farol,https://static.remax.pt/offices/d7e5cfe7-2e72-428a-b8ec-2a69bc351623.jpg
401,RE/MAX White II,https://static.remax.pt/offices/162ebc5a-5b80-4256-94ec-37317974adf1.jpg
418,RE/MAX White III,https://static.remax.pt/offices/7fb69e61-c45a-48f4-a949-c23f0437227b.jpg
577,RE/MAX White Mira,https://static.remax.pt/offices/5e81f785-0b36-4f84-aa8d-601dead7f208.jpg
657,RE/MAX Wise,https://static.remax.pt/offices/79d9dc73-ca24-494f-b76c-be60e72eac42.jpg
283,RE/MAX Yes,https://static.remax.pt/offices/eab867ab-42a2-4c65-a1a2-bd744a7c1bb0.jpg